frame,time,pred,conf,no_weapon_prob,weapon_prob
0,1759823633.2882562,no_weapon,0.6347675,0.6347675,0.36523253
1,1759823633.8379054,no_weapon,0.65010875,0.65010875,0.34989122
2,1759823634.2301743,no_weapon,0.65614563,0.65614563,0.3438544
3,1759823634.6425822,no_weapon,0.65002775,0.65002775,0.3499723
4,1759823635.0012913,no_weapon,0.6440231,0.6440231,0.35597685
5,1759823635.4328668,no_weapon,0.64950436,0.64950436,0.35049564
6,1759823636.062046,no_weapon,0.6499729,0.6499729,0.35002705
7,1759823636.5392768,no_weapon,0.6506717,0.6506717,0.3493283
8,1759823636.933638,no_weapon,0.6491597,0.6491597,0.3508403
9,1759823637.303312,no_weapon,0.6467014,0.6467014,0.35329863
10,1759823637.6483781,no_weapon,0.644975,0.644975,0.35502502
11,1759823637.9760854,no_weapon,0.6420384,0.6420384,0.35796162
12,1759823638.3632562,no_weapon,0.6393451,0.6393451,0.36065486
13,1759823638.7467005,no_weapon,0.64083356,0.64083356,0.35916644
14,1759823639.1631494,no_weapon,0.641264,0.641264,0.35873595
15,1759823639.5600905,no_weapon,0.6456379,0.6456379,0.35436207
16,1759823639.9023848,no_weapon,0.6403371,0.6403371,0.3596629
17,1759823640.268019,no_weapon,0.63159966,0.63159966,0.36840034
18,1759823640.5803905,no_weapon,0.62973493,0.62973493,0.37026507
19,1759823640.994821,no_weapon,0.61503893,0.61503893,0.38496104
20,1759823641.3271945,no_weapon,0.62277144,0.62277144,0.37722856
21,1759823641.7716353,no_weapon,0.63067436,0.63067436,0.36932564
22,1759823642.1839983,no_weapon,0.6317174,0.6317174,0.36828265
23,1759823642.5175347,no_weapon,0.6333696,0.6333696,0.36663038
24,1759823642.8905122,no_weapon,0.63038003,0.63038003,0.36961994
25,1759823643.276585,no_weapon,0.62664837,0.62664837,0.37335166
26,1759823643.6756275,no_weapon,0.62534684,0.62534684,0.3746531
27,1759823644.0747993,no_weapon,0.62594616,0.62594616,0.37405387
28,1759823644.4123578,no_weapon,0.62571716,0.62571716,0.37428293
29,1759823644.7209609,no_weapon,0.6285721,0.6285721,0.3714279
30,1759823645.1164317,no_weapon,0.6306933,0.6306933,0.3693067
31,1759823645.4799948,no_weapon,0.6306363,0.6306363,0.36936367
32,1759823645.839701,no_weapon,0.6313861,0.6313861,0.36861393
33,1759823646.226061,no_weapon,0.63160425,0.63160425,0.36839572
34,1759823646.5362017,no_weapon,0.6318421,0.6318421,0.3681579
35,1759823646.8499975,no_weapon,0.63035935,0.63035935,0.36964068
36,1759823647.2440047,no_weapon,0.63040036,0.63040036,0.36959958
37,1759823647.6222312,no_weapon,0.62845814,0.62845814,0.3715418
38,1759823647.9987059,no_weapon,0.62904656,0.62904656,0.37095344
39,1759823648.419931,no_weapon,0.6275972,0.6275972,0.3724028
40,1759823648.732417,no_weapon,0.6290731,0.6290731,0.3709269
41,1759823649.064301,no_weapon,0.62994474,0.62994474,0.3700553
42,1759823649.430254,no_weapon,0.63125086,0.63125086,0.36874914
43,1759823649.8004496,no_weapon,0.6317108,0.6317108,0.36828923
44,1759823650.1398952,no_weapon,0.63230443,0.63230443,0.3676956
45,1759823650.467332,no_weapon,0.6313651,0.6313651,0.36863488
46,1759823650.779381,no_weapon,0.63250875,0.63250875,0.3674913
47,1759823651.2543666,no_weapon,0.6319065,0.6319065,0.3680935
48,1759823651.6315305,no_weapon,0.6331632,0.6331632,0.36683676
49,1759823652.0230155,no_weapon,0.63272804,0.63272804,0.36727193
50,1759823652.393682,no_weapon,0.6313791,0.6313791,0.3686209
51,1759823652.8095157,no_weapon,0.63269997,0.63269997,0.3673001
52,1759823653.17381,no_weapon,0.63353187,0.63353187,0.3664682
53,1759823653.5625203,no_weapon,0.63328415,0.63328415,0.36671585
54,1759823653.881408,no_weapon,0.63161975,0.63161975,0.3683802
55,1759823654.2779582,no_weapon,0.63123435,0.63123435,0.36876568
56,1759823654.6677496,no_weapon,0.6303462,0.6303462,0.36965385
57,1759823655.0625203,no_weapon,0.630938,0.630938,0.36906198
58,1759823655.4208128,no_weapon,0.6295975,0.6295975,0.37040254
59,1759823655.7938514,no_weapon,0.63202,0.63202,0.36797997
60,1759823656.1550918,no_weapon,0.631291,0.631291,0.36870912
61,1759823656.5386677,no_weapon,0.6304214,0.6304214,0.3695786
62,1759823656.9479897,no_weapon,0.630758,0.630758,0.36924207
63,1759823657.29972,no_weapon,0.6290857,0.6290857,0.37091422
64,1759823657.6666706,no_weapon,0.6280128,0.6280128,0.37198722
65,1759823657.991183,no_weapon,0.6270029,0.6270029,0.3729971
66,1759823658.3306336,no_weapon,0.6265066,0.6265066,0.37349334
67,1759823658.6655455,no_weapon,0.6304242,0.6304242,0.3695758
68,1759823658.988644,no_weapon,0.6340382,0.6340382,0.3659618
69,1759823659.3029857,no_weapon,0.6427987,0.6427987,0.3572013
70,1759823659.6203234,no_weapon,0.61622363,0.61622363,0.38377637
71,1759823659.9652991,no_weapon,0.5038446,0.5038446,0.49615532
72,1759823660.4447289,no_weapon,0.46729612,0.46729612,0.53270394
73,1759823660.8568316,no_weapon,0.46446732,0.46446732,0.5355327
74,1759823661.2167194,no_weapon,0.4499975,0.4499975,0.55000246
75,1759823661.6526647,no_weapon,0.44357246,0.44357246,0.5564276
76,1759823661.9744022,no_weapon,0.47644642,0.47644642,0.5235536
77,1759823662.381427,no_weapon,0.46450776,0.46450776,0.53549224
78,1759823662.756503,no_weapon,0.4507345,0.4507345,0.54926544
79,1759823663.0908322,no_weapon,0.47046658,0.47046658,0.52953345
80,1759823663.484959,no_weapon,0.5275318,0.5275318,0.4724682
81,1759823663.8561451,no_weapon,0.52075964,0.52075964,0.47924033
82,1759823664.2189558,no_weapon,0.5014055,0.5014055,0.49859455
83,1759823664.5807016,no_weapon,0.5052034,0.5052034,0.49479654
84,1759823664.990287,no_weapon,0.50749403,0.50749403,0.49250603
85,1759823665.3627388,no_weapon,0.49367878,0.49367878,0.5063212
86,1759823665.801874,no_weapon,0.5203697,0.5203697,0.4796303
87,1759823666.180943,no_weapon,0.5245282,0.5245282,0.47547174
88,1759823666.5820284,no_weapon,0.52836055,0.52836055,0.47163942
89,1759823666.895342,no_weapon,0.5239681,0.5239681,0.47603193
90,1759823667.2641468,no_weapon,0.5308455,0.5308455,0.4691545
91,1759823667.6672199,no_weapon,0.53404224,0.53404224,0.46595776
92,1759823667.9880235,no_weapon,0.53649616,0.53649616,0.46350387
93,1759823668.523234,no_weapon,0.5380141,0.5380141,0.46198598
94,1759823668.9283845,no_weapon,0.53349054,0.53349054,0.46650955
95,1759823669.3378484,no_weapon,0.5329505,0.5329505,0.46704954
96,1759823669.6699393,no_weapon,0.5254788,0.5254788,0.47452122
97,1759823670.0555928,no_weapon,0.5384958,0.5384958,0.4615042
98,1759823670.460783,no_weapon,0.5420631,0.5420631,0.45793688
99,1759823670.866046,no_weapon,0.534773,0.534773,0.465227
100,1759823671.2428575,no_weapon,0.5309017,0.5309017,0.46909833
101,1759823671.6916494,no_weapon,0.5406077,0.5406077,0.45939237
102,1759823672.0842705,no_weapon,0.5363107,0.5363107,0.4636893
103,1759823672.449222,no_weapon,0.63881093,0.63881093,0.36118904
104,1759823672.8228645,no_weapon,0.6335231,0.6335231,0.3664769
105,1759823673.2086086,no_weapon,0.6260793,0.6260793,0.3739207
106,1759823673.5562525,no_weapon,0.62651956,0.62651956,0.37348038
107,1759823673.9450796,no_weapon,0.62476385,0.62476385,0.37523618
108,1759823674.3579917,no_weapon,0.62441397,0.62441397,0.3755861
109,1759823674.6759553,no_weapon,0.62613624,0.62613624,0.37386376
110,1759823675.0009692,no_weapon,0.6242124,0.6242124,0.37578765
111,1759823675.37603,no_weapon,0.6234637,0.6234637,0.37653634
112,1759823675.726056,no_weapon,0.62326896,0.62326896,0.37673104
113,1759823676.1082,no_weapon,0.62265044,0.62265044,0.3773496
114,1759823676.4949255,no_weapon,0.62189424,0.62189424,0.37810582
115,1759823676.877103,no_weapon,0.6251206,0.6251206,0.37487942
116,1759823677.247532,no_weapon,0.6241878,0.6241878,0.3758122
117,1759823677.6444678,no_weapon,0.6259923,0.6259923,0.3740077
118,1759823678.0231822,no_weapon,0.62650645,0.62650645,0.37349352
119,1759823678.3845716,no_weapon,0.62643665,0.62643665,0.3735634
120,1759823678.7809632,no_weapon,0.6261341,0.6261341,0.3738659
121,1759823679.0944865,no_weapon,0.6261984,0.6261984,0.3738016
122,1759823679.4986076,no_weapon,0.6280744,0.6280744,0.37192556
123,1759823679.895199,no_weapon,0.6257012,0.6257012,0.37429887
124,1759823680.2629015,no_weapon,0.6258809,0.6258809,0.3741191
125,1759823680.634969,no_weapon,0.6255448,0.6255448,0.37445518
126,1759823680.9499435,no_weapon,0.62472045,0.62472045,0.37527958
127,1759823681.316519,no_weapon,0.62355316,0.62355316,0.37644678
128,1759823681.794673,no_weapon,0.6273347,0.6273347,0.37266535
129,1759823682.1671689,no_weapon,0.62611496,0.62611496,0.373885
130,1759823682.4912515,no_weapon,0.62662137,0.62662137,0.3733786
131,1759823682.8221607,no_weapon,0.6272429,0.6272429,0.3727571
132,1759823683.2330928,no_weapon,0.62808895,0.62808895,0.37191105
133,1759823683.6039908,no_weapon,0.6264825,0.6264825,0.37351754
134,1759823683.9981253,no_weapon,0.62538564,0.62538564,0.3746143
135,1759823684.3881152,no_weapon,0.6285879,0.6285879,0.3714121
136,1759823684.750222,no_weapon,0.6291468,0.6291468,0.37085322
137,1759823685.096156,no_weapon,0.6285678,0.6285678,0.37143221
138,1759823685.4581027,no_weapon,0.626359,0.626359,0.373641
139,1759823685.777504,no_weapon,0.62501216,0.62501216,0.37498784
140,1759823686.154717,no_weapon,0.62728375,0.62728375,0.37271625
141,1759823686.5715353,no_weapon,0.6301405,0.6301405,0.36985955
142,1759823687.0109138,no_weapon,0.62543255,0.62543255,0.3745674
143,1759823687.3773682,no_weapon,0.62637556,0.62637556,0.37362444
144,1759823687.7729278,no_weapon,0.62816036,0.62816036,0.37183967
145,1759823688.094143,no_weapon,0.62666976,0.62666976,0.37333024
146,1759823688.4843607,no_weapon,0.633774,0.633774,0.36622602
147,1759823688.8552623,no_weapon,0.63448274,0.63448274,0.36551726
148,1759823689.2271447,no_weapon,0.6319389,0.6319389,0.3680611
149,1759823689.6170208,no_weapon,0.62947935,0.62947935,0.37052068
150,1759823690.0262482,no_weapon,0.6303433,0.6303433,0.3696566
151,1759823690.4217825,no_weapon,0.6395517,0.6395517,0.36044833
152,1759823690.7569063,no_weapon,0.4861416,0.4861416,0.51385844
153,1759823691.2094781,no_weapon,0.49399745,0.49399745,0.5060026
154,1759823691.5507038,no_weapon,0.5061914,0.5061914,0.49380872
155,1759823691.98881,no_weapon,0.5116129,0.5116129,0.4883871
156,1759823692.3725493,no_weapon,0.509997,0.509997,0.49000296
157,1759823692.7513273,no_weapon,0.528582,0.528582,0.47141793
158,1759823693.1651552,no_weapon,0.51003414,0.51003414,0.4899659
159,1759823693.5536666,no_weapon,0.5107241,0.5107241,0.48927587
160,1759823693.903287,no_weapon,0.49464238,0.49464238,0.50535756
161,1759823694.2506142,no_weapon,0.49421012,0.49421012,0.5057899
162,1759823694.5642462,no_weapon,0.48191422,0.48191422,0.5180857
163,1759823694.9408128,no_weapon,0.48413405,0.48413405,0.5158659
164,1759823695.3508039,no_weapon,0.4930046,0.4930046,0.50699544
165,1759823695.710752,no_weapon,0.47461355,0.47461355,0.5253865
166,1759823696.0923772,no_weapon,0.51252323,0.51252323,0.48747677
167,1759823696.581988,no_weapon,0.5374142,0.5374142,0.46258575
168,1759823696.9337058,no_weapon,0.5547564,0.5547564,0.44524357
169,1759823697.3216286,no_weapon,0.5550148,0.5550148,0.44498524
170,1759823697.6908555,no_weapon,0.5548539,0.5548539,0.44514602
171,1759823698.0098844,no_weapon,0.54449815,0.54449815,0.4555018
172,1759823698.3952904,no_weapon,0.54563504,0.54563504,0.45436496
173,1759823698.7074356,no_weapon,0.5714434,0.5714434,0.42855662
174,1759823699.0983937,no_weapon,0.54105204,0.54105204,0.45894796
175,1759823699.4927695,no_weapon,0.53555423,0.53555423,0.4644458
176,1759823699.8208506,no_weapon,0.54058546,0.54058546,0.45941454
177,1759823700.195357,no_weapon,0.54827917,0.54827917,0.45172086
178,1759823700.537336,no_weapon,0.5418539,0.5418539,0.45814615
179,1759823700.959304,no_weapon,0.5335847,0.5335847,0.46641532
180,1759823701.294289,no_weapon,0.53416187,0.53416187,0.46583813
181,1759823701.684481,no_weapon,0.5381745,0.5381745,0.46182552
182,1759823702.0896356,no_weapon,0.5797415,0.5797415,0.42025843
183,1759823702.5146625,no_weapon,0.6035778,0.6035778,0.3964222
184,1759823702.8529384,no_weapon,0.6030884,0.6030884,0.3969117
185,1759823703.233269,no_weapon,0.5981808,0.5981808,0.40181923
186,1759823703.6045184,no_weapon,0.5909125,0.5909125,0.40908748
187,1759823703.9555502,no_weapon,0.5932731,0.5932731,0.40672684
188,1759823704.3127635,no_weapon,0.5995577,0.5995577,0.40044236
189,1759823704.682696,no_weapon,0.6423336,0.6423336,0.35766637
190,1759823705.0590057,no_weapon,0.63313305,0.63313305,0.3668669
191,1759823705.3801663,no_weapon,0.63816553,0.63816553,0.36183444
192,1759823705.703732,no_weapon,0.6431825,0.6431825,0.3568175
193,1759823706.0377028,no_weapon,0.65244985,0.65244985,0.34755018
194,1759823706.3704388,no_weapon,0.58151007,0.58151007,0.41849002
195,1759823706.7046213,no_weapon,0.535778,0.535778,0.4642221
196,1759823707.1471639,no_weapon,0.46237823,0.46237823,0.53762186
197,1759823707.4897268,no_weapon,0.44073647,0.44073647,0.5592635
198,1759823707.8278594,no_weapon,0.49700388,0.49700388,0.502996
199,1759823708.1457784,no_weapon,0.51779187,0.51779187,0.48220813
200,1759823708.5217192,no_weapon,0.51136225,0.51136225,0.48863778
201,1759823708.941807,no_weapon,0.5224562,0.5224562,0.47754377
202,1759823709.3363202,no_weapon,0.5174215,0.5174215,0.48257846
203,1759823709.6663535,no_weapon,0.48004434,0.48004434,0.51995564
204,1759823710.0964556,no_weapon,0.56554484,0.56554484,0.4344551
205,1759823710.4544086,no_weapon,0.41478014,0.41478014,0.58521986
206,1759823710.8377476,weapon,0.6474416,0.35255834,0.6474416
207,1759823711.2086136,weapon,0.64880794,0.351192,0.64880794
208,1759823711.618185,weapon,0.6377573,0.36224273,0.6377573
209,1759823712.037883,weapon,0.6443535,0.35564646,0.6443535
210,1759823712.3697057,weapon,0.63826895,0.36173105,0.63826895
211,1759823712.713321,no_weapon,0.40810344,0.40810344,0.5918966
212,1759823713.098343,no_weapon,0.415812,0.415812,0.584188
213,1759823713.4645796,weapon,0.61682725,0.38317278,0.61682725
214,1759823713.8489645,weapon,0.6217386,0.37826142,0.6217386
215,1759823714.1786942,weapon,0.6013732,0.39862677,0.6013732
216,1759823714.5686982,weapon,0.61938554,0.38061443,0.61938554
217,1759823714.877309,no_weapon,0.4983212,0.4983212,0.50167876
218,1759823715.269521,no_weapon,0.4150251,0.4150251,0.5849749
219,1759823715.6003113,no_weapon,0.41970816,0.41970816,0.5802919
220,1759823715.9888628,no_weapon,0.42424855,0.42424855,0.5757514
221,1759823716.3014605,no_weapon,0.44437623,0.44437623,0.55562377
222,1759823716.6922705,no_weapon,0.44757956,0.44757956,0.55242044
223,1759823717.047478,no_weapon,0.4481097,0.4481097,0.5518903
224,1759823717.440919,no_weapon,0.4445044,0.4445044,0.5554956
225,1759823717.8020585,no_weapon,0.44444463,0.44444463,0.5555554
226,1759823718.2429678,no_weapon,0.45036715,0.45036715,0.5496329
227,1759823718.7377508,no_weapon,0.4533311,0.4533311,0.5466689
228,1759823719.0736017,no_weapon,0.4544055,0.4544055,0.5455946
229,1759823719.452173,no_weapon,0.45597008,0.45597008,0.5440299
230,1759823719.7817588,no_weapon,0.4590083,0.4590083,0.5409917
231,1759823720.175623,no_weapon,0.45952132,0.45952132,0.5404787
232,1759823720.572733,no_weapon,0.45887795,0.45887795,0.541122
233,1759823720.9446144,no_weapon,0.45691893,0.45691893,0.5430811
234,1759823721.271467,no_weapon,0.45793658,0.45793658,0.5420634
235,1759823721.6600726,no_weapon,0.4605027,0.4605027,0.5394973
236,1759823722.0196488,no_weapon,0.45523155,0.45523155,0.54476845
237,1759823722.4076705,no_weapon,0.46108022,0.46108022,0.53891975
238,1759823722.7949643,no_weapon,0.45851722,0.45851722,0.5414827
239,1759823723.1375647,no_weapon,0.45509094,0.45509094,0.54490906
240,1759823723.5012252,no_weapon,0.45869285,0.45869285,0.5413071
241,1759823723.9190507,no_weapon,0.458511,0.458511,0.54148895
242,1759823724.2776263,no_weapon,0.45706373,0.45706373,0.54293627
243,1759823724.6573498,no_weapon,0.45537663,0.45537663,0.5446234
244,1759823725.0313654,no_weapon,0.45563868,0.45563868,0.54436135
245,1759823725.4322195,no_weapon,0.45801437,0.45801437,0.5419857
246,1759823725.8479767,no_weapon,0.45533848,0.45533848,0.5446615
247,1759823726.219433,no_weapon,0.45638976,0.45638976,0.5436103
248,1759823726.5331602,no_weapon,0.4597406,0.4597406,0.54025936
249,1759823726.932051,no_weapon,0.4565994,0.4565994,0.54340065
250,1759823727.326874,no_weapon,0.45940882,0.45940882,0.5405911
251,1759823727.6715684,no_weapon,0.4597307,0.4597307,0.5402693
252,1759823728.0581512,no_weapon,0.45666853,0.45666853,0.5433315
253,1759823728.374002,no_weapon,0.46078092,0.46078092,0.5392191
254,1759823728.7627075,no_weapon,0.45918676,0.45918676,0.5408132
255,1759823729.139203,no_weapon,0.45966408,0.45966408,0.5403359
256,1759823729.5066211,no_weapon,0.45644414,0.45644414,0.54355586
257,1759823729.8925068,no_weapon,0.45897886,0.45897886,0.54102117
258,1759823730.3134866,no_weapon,0.45898473,0.45898473,0.5410153
259,1759823730.648046,no_weapon,0.45778075,0.45778075,0.54221916
260,1759823730.9611893,no_weapon,0.45633024,0.45633024,0.54366976
261,1759823731.3311038,no_weapon,0.45559016,0.45559016,0.5444099
262,1759823731.7469816,no_weapon,0.45514172,0.45514172,0.54485834
263,1759823732.1048203,no_weapon,0.4570082,0.4570082,0.54299176
264,1759823732.4747746,no_weapon,0.44399154,0.44399154,0.55600846
265,1759823732.9058235,weapon,0.6873212,0.31267878,0.6873212
266,1759823733.280479,no_weapon,0.42119864,0.42119864,0.57880133
267,1759823733.6653473,no_weapon,0.4231461,0.4231461,0.576854
268,1759823734.0757353,no_weapon,0.44246414,0.44246414,0.5575358
269,1759823734.4709404,no_weapon,0.43368205,0.43368205,0.5663179
270,1759823734.864231,no_weapon,0.51214606,0.51214606,0.48785394
271,1759823735.2638836,no_weapon,0.40694353,0.40694353,0.59305644
272,1759823735.6742303,no_weapon,0.42270833,0.42270833,0.57729167
273,1759823735.9970868,no_weapon,0.43647853,0.43647853,0.5635215
274,1759823736.3214543,no_weapon,0.44376218,0.44376218,0.5562378
275,1759823736.7022514,no_weapon,0.44592053,0.44592053,0.55407953
276,1759823737.0962346,no_weapon,0.44807523,0.44807523,0.55192477
277,1759823737.4696622,no_weapon,0.4514172,0.4514172,0.54858273
278,1759823737.8177702,no_weapon,0.44846377,0.44846377,0.55153626
279,1759823738.1510606,no_weapon,0.45031357,0.45031357,0.54968643
280,1759823738.567642,no_weapon,0.44919625,0.44919625,0.55080366
281,1759823738.9700422,no_weapon,0.4484482,0.4484482,0.55155176
282,1759823739.304343,no_weapon,0.44990164,0.44990164,0.5500984
283,1759823739.8642926,no_weapon,0.4483922,0.4483922,0.55160785
284,1759823740.206309,no_weapon,0.44570282,0.44570282,0.5542972
285,1759823740.5172288,no_weapon,0.44455814,0.44455814,0.5554419
286,1759823740.901039,no_weapon,0.4441202,0.4441202,0.55587983
287,1759823741.2703872,no_weapon,0.4506061,0.4506061,0.54939395
288,1759823741.6411247,no_weapon,0.44793218,0.44793218,0.5520679
289,1759823742.042309,no_weapon,0.44864509,0.44864509,0.5513549
290,1759823742.4171288,no_weapon,0.45291045,0.45291045,0.5470896
291,1759823742.9249554,no_weapon,0.55204487,0.55204487,0.44795513
292,1759823743.312236,no_weapon,0.48806268,0.48806268,0.5119374
293,1759823743.6839104,no_weapon,0.44430766,0.44430766,0.5556924
294,1759823744.0265326,no_weapon,0.4779852,0.4779852,0.52201474
295,1759823744.4450212,no_weapon,0.50919676,0.50919676,0.4908033
296,1759823744.8192775,no_weapon,0.5243337,0.5243337,0.47566628
297,1759823745.2319298,no_weapon,0.5392182,0.5392182,0.46078178
298,1759823745.5940452,no_weapon,0.5186097,0.5186097,0.4813904
299,1759823745.9069433,no_weapon,0.52958226,0.52958226,0.47041777
300,1759823746.309218,no_weapon,0.53020227,0.53020227,0.4697978
301,1759823746.696538,no_weapon,0.51546305,0.51546305,0.48453686
302,1759823747.0279071,no_weapon,0.4974106,0.4974106,0.50258946
303,1759823747.369409,no_weapon,0.5333682,0.5333682,0.46663186
304,1759823747.7430613,no_weapon,0.5267672,0.5267672,0.4732328
305,1759823748.1354299,no_weapon,0.5380032,0.5380032,0.46199685
306,1759823748.5254393,no_weapon,0.53353715,0.53353715,0.46646285
307,1759823748.9128432,no_weapon,0.5373795,0.5373795,0.4626205
308,1759823749.3323116,no_weapon,0.5379527,0.5379527,0.46204725
309,1759823749.720151,no_weapon,0.53401774,0.53401774,0.46598226
310,1759823750.1313133,no_weapon,0.5489593,0.5489593,0.45104071
311,1759823750.5151021,no_weapon,0.57608306,0.57608306,0.42391688
312,1759823750.832951,no_weapon,0.5830347,0.5830347,0.41696534
313,1759823751.2577217,no_weapon,0.58516735,0.58516735,0.41483268
314,1759823751.6425622,no_weapon,0.5953606,0.5953606,0.40463945
315,1759823752.0404136,no_weapon,0.5966999,0.5966999,0.40330005
316,1759823752.4433124,no_weapon,0.62480533,0.62480533,0.37519464
317,1759823752.8432853,no_weapon,0.43958548,0.43958548,0.5604145
318,1759823753.1717658,no_weapon,0.41522348,0.41522348,0.58477646
319,1759823753.5657885,no_weapon,0.4356194,0.4356194,0.5643806
320,1759823754.0212476,no_weapon,0.45195985,0.45195985,0.54804015
321,1759823754.4244962,no_weapon,0.4427143,0.4427143,0.5572857
322,1759823754.8288414,no_weapon,0.44391516,0.44391516,0.5560848
323,1759823755.2674937,no_weapon,0.44149384,0.44149384,0.55850613
324,1759823755.6223645,no_weapon,0.44726592,0.44726592,0.552734
325,1759823755.9932652,no_weapon,0.4470422,0.4470422,0.55295783
326,1759823756.371549,no_weapon,0.44527176,0.44527176,0.5547283
327,1759823756.7641482,no_weapon,0.44652006,0.44652006,0.55347997
328,1759823757.1575072,no_weapon,0.4442569,0.4442569,0.55574316
329,1759823757.5409737,no_weapon,0.44221523,0.44221523,0.5577848
330,1759823757.930954,no_weapon,0.44418707,0.44418707,0.5558129
331,1759823758.269713,no_weapon,0.44462696,0.44462696,0.5553731
332,1759823758.6427636,no_weapon,0.44659597,0.44659597,0.553404
333,1759823759.191447,no_weapon,0.44686532,0.44686532,0.5531347
334,1759823759.6058853,no_weapon,0.44477302,0.44477302,0.555227
335,1759823759.9933941,no_weapon,0.43905246,0.43905246,0.56094754
336,1759823760.3182178,no_weapon,0.44516534,0.44516534,0.5548347
337,1759823760.7434287,no_weapon,0.44439143,0.44439143,0.5556086
338,1759823761.1271186,no_weapon,0.44477695,0.44477695,0.55522305
339,1759823761.5185277,no_weapon,0.44379044,0.44379044,0.5562096
340,1759823761.8985088,no_weapon,0.4464596,0.4464596,0.5535404
341,1759823762.2748787,no_weapon,0.44880244,0.44880244,0.5511976
342,1759823762.702719,no_weapon,0.44788346,0.44788346,0.5521165
343,1759823763.0791044,no_weapon,0.44893345,0.44893345,0.5510666
344,1759823763.4523997,no_weapon,0.44832626,0.44832626,0.5516737
345,1759823763.7641654,no_weapon,0.44509336,0.44509336,0.55490667
346,1759823764.0837424,no_weapon,0.44943735,0.44943735,0.55056274
347,1759823764.478409,no_weapon,0.4516597,0.4516597,0.54834026
348,1759823764.8536255,no_weapon,0.44837603,0.44837603,0.551624
349,1759823765.2696562,no_weapon,0.45195243,0.45195243,0.5480476
350,1759823765.6609652,no_weapon,0.4474433,0.4474433,0.55255675
351,1759823766.0358016,no_weapon,0.44546708,0.44546708,0.55453295
352,1759823766.4621933,no_weapon,0.45016125,0.45016125,0.5498387
353,1759823766.916054,no_weapon,0.45528197,0.45528197,0.544718
354,1759823767.3072848,no_weapon,0.4512556,0.4512556,0.54874444
355,1759823767.7003224,no_weapon,0.4528951,0.4528951,0.5471049
356,1759823768.1055882,no_weapon,0.44950497,0.44950497,0.550495
357,1759823768.4466105,no_weapon,0.45248517,0.45248517,0.54751486
358,1759823768.828682,no_weapon,0.45400894,0.45400894,0.54599106
359,1759823769.2168472,no_weapon,0.4496255,0.4496255,0.55037445
360,1759823769.6293406,no_weapon,0.45162308,0.45162308,0.5483769
361,1759823769.9443548,no_weapon,0.44753915,0.44753915,0.5524609
362,1759823770.307999,no_weapon,0.45468348,0.45468348,0.5453166
363,1759823770.7744346,no_weapon,0.4578612,0.4578612,0.5421388
364,1759823771.092605,no_weapon,0.4557012,0.4557012,0.5442988
365,1759823771.3983529,no_weapon,0.455601,0.455601,0.5443991
366,1759823771.7829814,no_weapon,0.461192,0.461192,0.538808
367,1759823772.177361,no_weapon,0.4625268,0.4625268,0.5374732
368,1759823772.5200691,no_weapon,0.46088025,0.46088025,0.5391197
369,1759823772.8894882,no_weapon,0.4560891,0.4560891,0.5439109
370,1759823773.380092,no_weapon,0.42026374,0.42026374,0.5797363
371,1759823773.7494786,no_weapon,0.4956787,0.4956787,0.50432134
372,1759823774.138974,no_weapon,0.4506495,0.4506495,0.54935056
373,1759823774.451139,no_weapon,0.40139577,0.40139577,0.5986042
374,1759823774.8401327,no_weapon,0.42792553,0.42792553,0.5720745
375,1759823775.180824,weapon,0.60792327,0.3920767,0.60792327
376,1759823775.5762184,no_weapon,0.41050655,0.41050655,0.5894935
377,1759823775.977355,no_weapon,0.45590642,0.45590642,0.54409355
378,1759823776.3748853,no_weapon,0.4542425,0.4542425,0.54575753
379,1759823776.6898186,no_weapon,0.43207103,0.43207103,0.567929
380,1759823777.0602198,no_weapon,0.42817977,0.42817977,0.5718202
381,1759823777.4580696,no_weapon,0.4320388,0.4320388,0.5679612
382,1759823777.8591523,no_weapon,0.4315909,0.4315909,0.5684091
383,1759823778.230432,no_weapon,0.4215743,0.4215743,0.5784257
384,1759823778.5993068,no_weapon,0.45158476,0.45158476,0.54841524
385,1759823778.9110143,no_weapon,0.45992178,0.45992178,0.5400783
386,1759823779.385293,no_weapon,0.4602561,0.4602561,0.53974384
387,1759823779.77691,no_weapon,0.5016459,0.5016459,0.49835408
388,1759823780.1465325,no_weapon,0.465027,0.465027,0.534973
389,1759823780.5292637,no_weapon,0.51808256,0.51808256,0.48191747
390,1759823780.8903925,no_weapon,0.46867853,0.46867853,0.53132147
391,1759823781.2765117,no_weapon,0.4730814,0.4730814,0.52691865
392,1759823781.64086,no_weapon,0.46412545,0.46412545,0.5358745
393,1759823781.9468386,no_weapon,0.46361905,0.46361905,0.5363809
394,1759823782.3348057,weapon,0.6220102,0.37798983,0.6220102
395,1759823782.726943,no_weapon,0.41885874,0.41885874,0.5811413
396,1759823783.1339128,no_weapon,0.44300544,0.44300544,0.5569945
397,1759823783.5077996,no_weapon,0.4333361,0.4333361,0.5666639
398,1759823783.8985457,no_weapon,0.44677925,0.44677925,0.5532207
399,1759823784.2154102,no_weapon,0.45074454,0.45074454,0.5492555
400,1759823784.5450995,no_weapon,0.4744909,0.4744909,0.5255092
401,1759823784.9385145,no_weapon,0.48782778,0.48782778,0.51217216
402,1759823785.3271098,no_weapon,0.4623571,0.4623571,0.5376429
403,1759823785.688001,no_weapon,0.46855202,0.46855202,0.53144795
404,1759823786.0617287,no_weapon,0.40983358,0.40983358,0.59016645
405,1759823786.4778993,weapon,0.60443485,0.39556512,0.60443485
406,1759823786.8347178,weapon,0.6026003,0.39739975,0.6026003
407,1759823787.2060852,weapon,0.60930413,0.3906959,0.60930413
408,1759823787.6325662,weapon,0.61420804,0.38579196,0.61420804
409,1759823788.0013926,weapon,0.6071446,0.39285538,0.6071446
410,1759823788.3672216,weapon,0.60667133,0.39332864,0.60667133
411,1759823788.7402618,weapon,0.60250634,0.39749363,0.60250634
412,1759823789.1332035,weapon,0.6078112,0.39218876,0.6078112
413,1759823789.5469997,weapon,0.6052702,0.3947298,0.6052702
414,1759823789.9878006,weapon,0.61094624,0.3890538,0.61094624
415,1759823790.3830876,weapon,0.60636955,0.39363045,0.60636955
416,1759823790.770137,weapon,0.61370975,0.38629025,0.61370975
417,1759823791.1567192,weapon,0.60910666,0.39089343,0.60910666
418,1759823791.5233006,weapon,0.61068994,0.38931003,0.61068994
419,1759823791.9089456,weapon,0.6060184,0.39398152,0.6060184
420,1759823792.2904634,weapon,0.60600597,0.39399403,0.60600597
421,1759823792.6259818,weapon,0.6101146,0.38988543,0.6101146
422,1759823792.997451,no_weapon,0.41227883,0.41227883,0.58772117
423,1759823793.3155622,no_weapon,0.4739365,0.4739365,0.52606344
424,1759823793.6933334,no_weapon,0.42421868,0.42421868,0.5757813
425,1759823794.05786,no_weapon,0.44991064,0.44991064,0.5500894
426,1759823794.4920897,no_weapon,0.45553517,0.45553517,0.5444648
427,1759823794.8067439,no_weapon,0.44765493,0.44765493,0.55234516
428,1759823795.17268,no_weapon,0.45127016,0.45127016,0.54872984
429,1759823795.524803,no_weapon,0.4469697,0.4469697,0.5530303
430,1759823795.884457,no_weapon,0.44947422,0.44947422,0.5505258
431,1759823796.2305768,no_weapon,0.45225054,0.45225054,0.54774946
432,1759823796.567861,no_weapon,0.45446065,0.45446065,0.5455393
433,1759823796.888142,no_weapon,0.45366865,0.45366865,0.5463314
434,1759823797.2994602,no_weapon,0.454446,0.454446,0.54555404
435,1759823797.636075,no_weapon,0.45208555,0.45208555,0.5479145
436,1759823798.0012648,no_weapon,0.4515596,0.4515596,0.5484404
437,1759823798.3737915,no_weapon,0.45202464,0.45202464,0.5479753
438,1759823798.7571266,no_weapon,0.45055926,0.45055926,0.5494407
439,1759823799.1495461,no_weapon,0.45116332,0.45116332,0.5488367
440,1759823799.528202,no_weapon,0.4484923,0.4484923,0.55150765
441,1759823799.8916984,no_weapon,0.4507364,0.4507364,0.5492636
442,1759823800.2695472,no_weapon,0.4510754,0.4510754,0.54892457
443,1759823800.6505299,no_weapon,0.4511175,0.4511175,0.54888254
444,1759823801.0534332,no_weapon,0.45302087,0.45302087,0.5469791
445,1759823801.383142,no_weapon,0.45369983,0.45369983,0.5463001
446,1759823801.6993608,no_weapon,0.45371833,0.45371833,0.54628164
447,1759823802.0111053,no_weapon,0.45370674,0.45370674,0.5462933
448,1759823802.3784103,no_weapon,0.45446274,0.45446274,0.54553723
449,1759823802.8444345,no_weapon,0.45156303,0.45156303,0.548437
450,1759823803.189217,no_weapon,0.453419,0.453419,0.546581
451,1759823803.5610712,no_weapon,0.45247927,0.45247927,0.54752076
452,1759823803.9464726,no_weapon,0.45080796,0.45080796,0.549192
453,1759823804.276321,no_weapon,0.44645095,0.44645095,0.55354905
454,1759823804.6510298,no_weapon,0.45073223,0.45073223,0.5492677
455,1759823804.9930782,no_weapon,0.45071092,0.45071092,0.54928905
456,1759823805.375487,no_weapon,0.45326275,0.45326275,0.54673725
457,1759823805.7469814,no_weapon,0.45004436,0.45004436,0.54995567
458,1759823806.0766838,no_weapon,0.4505908,0.4505908,0.5494092
459,1759823806.4215386,no_weapon,0.447266,0.447266,0.55273396
460,1759823806.7963183,no_weapon,0.4462556,0.4462556,0.55374444
461,1759823807.1282094,no_weapon,0.44678417,0.44678417,0.5532158
462,1759823807.474133,no_weapon,0.4480414,0.4480414,0.55195856
463,1759823807.8758748,no_weapon,0.4463632,0.4463632,0.5536368
464,1759823808.2615438,no_weapon,0.44630828,0.44630828,0.5536917
465,1759823808.648934,no_weapon,0.44517064,0.44517064,0.55482936
466,1759823809.0342636,no_weapon,0.4460004,0.4460004,0.5539996
467,1759823809.362331,no_weapon,0.44752675,0.44752675,0.55247325
468,1759823809.761118,no_weapon,0.44528317,0.44528317,0.5547168
469,1759823810.210346,no_weapon,0.4442982,0.4442982,0.55570173
470,1759823810.5872948,no_weapon,0.44441888,0.44441888,0.5555811
471,1759823811.0017772,no_weapon,0.44538924,0.44538924,0.5546107
472,1759823811.8163762,no_weapon,0.44750562,0.44750562,0.55249435
473,1759823812.2670996,no_weapon,0.41075087,0.41075087,0.58924913
474,1759823812.7369745,no_weapon,0.4127373,0.4127373,0.5872627
475,1759823813.6680386,no_weapon,0.4201074,0.4201074,0.5798926
476,1759823814.0639253,no_weapon,0.43318614,0.43318614,0.5668138
477,1759823814.4470482,no_weapon,0.52302,0.52302,0.47698006
478,1759823814.7917519,weapon,0.60834956,0.39165047,0.60834956
479,1759823815.1429996,no_weapon,0.40278274,0.40278274,0.59721726
480,1759823815.4895258,no_weapon,0.48220947,0.48220947,0.5177905
481,1759823815.821331,no_weapon,0.48044598,0.48044598,0.519554
482,1759823816.1658368,no_weapon,0.45853394,0.45853394,0.541466
483,1759823816.5148318,no_weapon,0.4610285,0.4610285,0.5389715
484,1759823816.839045,no_weapon,0.44851282,0.44851282,0.5514872
485,1759823817.2504601,no_weapon,0.4449727,0.4449727,0.5550273
486,1759823817.6500437,no_weapon,0.46070245,0.46070245,0.5392976
487,1759823817.9783762,no_weapon,0.4606763,0.4606763,0.5393237
488,1759823818.328198,no_weapon,0.46873274,0.46873274,0.53126717
489,1759823818.6708887,no_weapon,0.47126678,0.47126678,0.52873325
490,1759823819.013178,no_weapon,0.4713412,0.4713412,0.5286588
491,1759823819.3576145,no_weapon,0.48112088,0.48112088,0.5188791
492,1759823819.6888123,no_weapon,0.4870674,0.4870674,0.51293266
493,1759823820.1091158,no_weapon,0.45357463,0.45357463,0.54642534
494,1759823820.4811647,no_weapon,0.47484967,0.47484967,0.52515036
495,1759823820.8167398,no_weapon,0.4462811,0.4462811,0.5537189
496,1759823821.1604297,no_weapon,0.44829166,0.44829166,0.5517084
497,1759823821.5458045,no_weapon,0.42336568,0.42336568,0.5766343
498,1759823821.8936665,no_weapon,0.4241225,0.4241225,0.57587755
499,1759823822.2331622,no_weapon,0.42248222,0.42248222,0.5775178
500,1759823822.5823443,no_weapon,0.424258,0.424258,0.575742
501,1759823822.914008,no_weapon,0.4472033,0.4472033,0.5527967
502,1759823823.2560356,no_weapon,0.47738543,0.47738543,0.5226146
503,1759823823.600985,no_weapon,0.49335757,0.49335757,0.5066424
504,1759823823.9628403,no_weapon,0.44319025,0.44319025,0.5568098
505,1759823824.3119245,no_weapon,0.41453362,0.41453362,0.5854664
506,1759823824.6485875,no_weapon,0.42437768,0.42437768,0.5756223
507,1759823824.9896996,no_weapon,0.42531607,0.42531607,0.5746839
508,1759823825.3384457,no_weapon,0.42126366,0.42126366,0.57873636
509,1759823825.6909516,no_weapon,0.45398644,0.45398644,0.5460136
510,1759823826.067704,no_weapon,0.4329857,0.4329857,0.5670143
511,1759823826.4032862,no_weapon,0.46605843,0.46605843,0.5339415
512,1759823826.7215383,no_weapon,0.44863552,0.44863552,0.5513645
513,1759823827.0337358,no_weapon,0.44477984,0.44477984,0.5552201
514,1759823827.3732662,no_weapon,0.44216785,0.44216785,0.5578321
515,1759823827.7324362,no_weapon,0.43899062,0.43899062,0.56100935
516,1759823828.1485686,no_weapon,0.4533441,0.4533441,0.54665583
517,1759823828.5239358,no_weapon,0.4479762,0.4479762,0.5520238
518,1759823828.911909,no_weapon,0.44746768,0.44746768,0.5525324
519,1759823829.2267694,weapon,0.60129476,0.39870518,0.60129476
520,1759823829.5777116,weapon,0.6196798,0.38032022,0.6196798
521,1759823829.9562216,no_weapon,0.4748238,0.4748238,0.5251762
522,1759823830.3881748,no_weapon,0.4622477,0.4622477,0.53775233
523,1759823830.7839372,no_weapon,0.41457957,0.41457957,0.5854204
524,1759823831.164754,no_weapon,0.45778647,0.45778647,0.5422135
525,1759823831.524549,no_weapon,0.42488348,0.42488348,0.5751165
526,1759823831.874133,weapon,0.60473746,0.3952625,0.60473746
527,1759823832.2751408,weapon,0.6398319,0.36016813,0.6398319
528,1759823832.6196914,weapon,0.62197727,0.37802273,0.62197727
529,1759823833.028384,weapon,0.6216356,0.37836447,0.6216356
530,1759823833.4978554,weapon,0.6402933,0.35970673,0.6402933
531,1759823833.8049486,weapon,0.6402012,0.35979876,0.6402012
532,1759823834.1532536,weapon,0.6576298,0.34237018,0.6576298
533,1759823834.525,weapon,0.64847314,0.35152686,0.64847314
534,1759823834.9109495,no_weapon,0.46047476,0.46047476,0.5395253
535,1759823835.2475338,no_weapon,0.45114008,0.45114008,0.5488599
536,1759823835.6415942,no_weapon,0.4117306,0.4117306,0.5882694
537,1759823835.9544785,no_weapon,0.45289546,0.45289546,0.54710454
538,1759823836.3507898,no_weapon,0.4453314,0.4453314,0.55466866
539,1759823836.693008,no_weapon,0.43977883,0.43977883,0.56022114
540,1759823837.095196,no_weapon,0.44992614,0.44992614,0.55007386
541,1759823837.4370959,no_weapon,0.45655775,0.45655775,0.54344225
542,1759823837.8419936,no_weapon,0.4544468,0.4544468,0.5455532
543,1759823838.3176994,no_weapon,0.4501246,0.4501246,0.54987544
544,1759823838.7472541,no_weapon,0.45271692,0.45271692,0.5472831
545,1759823839.0868967,no_weapon,0.44859332,0.44859332,0.5514067
546,1759823839.4013264,no_weapon,0.44844583,0.44844583,0.5515542
547,1759823839.787897,no_weapon,0.4476605,0.4476605,0.5523395
548,1759823840.1078677,no_weapon,0.45045903,0.45045903,0.549541
549,1759823840.4955046,no_weapon,0.44275448,0.44275448,0.5572455
550,1759823840.8083465,no_weapon,0.4428485,0.4428485,0.5571515
551,1759823841.20896,no_weapon,0.4454225,0.4454225,0.55457747
552,1759823841.5723429,no_weapon,0.443549,0.443549,0.556451
553,1759823841.942935,no_weapon,0.44221112,0.44221112,0.55778897
554,1759823842.3453617,no_weapon,0.44324094,0.44324094,0.556759
555,1759823842.739997,no_weapon,0.44420633,0.44420633,0.5557937
556,1759823843.1830118,no_weapon,0.45012635,0.45012635,0.54987365
557,1759823843.5433834,no_weapon,0.43961513,0.43961513,0.56038487
558,1759823843.946886,no_weapon,0.52659494,0.52659494,0.473405
559,1759823844.3091993,no_weapon,0.47048512,0.47048512,0.5295149
560,1759823844.6507003,no_weapon,0.41002792,0.41002792,0.5899721
561,1759823845.0255475,no_weapon,0.41403916,0.41403916,0.5859609
562,1759823845.5984724,no_weapon,0.41386452,0.41386452,0.5861355
563,1759823845.9792457,no_weapon,0.40897655,0.40897655,0.5910235
564,1759823846.4015436,no_weapon,0.4068265,0.4068265,0.5931735
565,1759823846.7268555,no_weapon,0.41769665,0.41769665,0.5823034
566,1759823847.0702126,weapon,0.61438024,0.3856197,0.61438024
567,1759823847.3937423,weapon,0.61316395,0.38683605,0.61316395
568,1759823847.7319744,no_weapon,0.44651836,0.44651836,0.5534816
569,1759823848.2175856,no_weapon,0.4342067,0.4342067,0.56579334
570,1759823848.6397233,no_weapon,0.43459418,0.43459418,0.56540585
571,1759823849.0151165,no_weapon,0.42357776,0.42357776,0.5764223
572,1759823849.356225,no_weapon,0.41663665,0.41663665,0.5833634
573,1759823849.6861656,no_weapon,0.41170022,0.41170022,0.5882997
574,1759823850.0117664,no_weapon,0.40010604,0.40010604,0.5998939
575,1759823850.330963,weapon,0.60089517,0.3991049,0.60089517
576,1759823850.6444793,weapon,0.60392505,0.39607498,0.60392505
577,1759823850.952907,weapon,0.6199104,0.38008955,0.6199104
578,1759823851.316708,no_weapon,0.42139107,0.42139107,0.5786089
579,1759823851.6764486,no_weapon,0.4166325,0.4166325,0.58336747
580,1759823852.0476232,no_weapon,0.42297566,0.42297566,0.5770243
581,1759823852.3829448,no_weapon,0.41563457,0.41563457,0.5843654
582,1759823852.7123199,no_weapon,0.43071696,0.43071696,0.56928307
583,1759823853.0281823,no_weapon,0.42141303,0.42141303,0.578587
584,1759823853.4120429,no_weapon,0.4223218,0.4223218,0.5776782
585,1759823853.817748,no_weapon,0.41810855,0.41810855,0.5818915
586,1759823854.3389835,no_weapon,0.43878296,0.43878296,0.56121707
587,1759823854.6849773,no_weapon,0.442578,0.442578,0.557422
588,1759823855.0748096,no_weapon,0.41227418,0.41227418,0.5877258
589,1759823855.4684665,no_weapon,0.42629573,0.42629573,0.5737043
590,1759823855.8188486,no_weapon,0.43938807,0.43938807,0.56061196
591,1759823856.1980665,no_weapon,0.45625675,0.45625675,0.54374325
592,1759823856.5815756,no_weapon,0.46675158,0.46675158,0.5332484
593,1759823856.9697342,no_weapon,0.49046424,0.49046424,0.5095358
594,1759823857.3206959,no_weapon,0.47115764,0.47115764,0.52884233
595,1759823857.6364887,no_weapon,0.4950237,0.4950237,0.5049763
596,1759823858.0075865,no_weapon,0.48179382,0.48179382,0.5182061
597,1759823858.3188224,no_weapon,0.50517374,0.50517374,0.49482623
598,1759823858.7095835,no_weapon,0.46514517,0.46514517,0.53485477
599,1759823859.0469236,no_weapon,0.41492444,0.41492444,0.5850755
600,1759823859.404995,weapon,0.6061282,0.39387175,0.6061282
601,1759823859.7468324,no_weapon,0.40125299,0.40125299,0.59874696
602,1759823860.0760558,no_weapon,0.4614893,0.4614893,0.53851074
603,1759823860.393049,no_weapon,0.42998594,0.42998594,0.570014
604,1759823860.7377965,no_weapon,0.47161397,0.47161397,0.52838606
605,1759823861.1279697,no_weapon,0.44445124,0.44445124,0.5555488
606,1759823861.4771833,no_weapon,0.4334883,0.4334883,0.5665117
607,1759823861.8467753,no_weapon,0.410327,0.410327,0.589673
608,1759823862.2487056,weapon,0.6002327,0.3997672,0.6002327
609,1759823862.6133013,no_weapon,0.40284806,0.40284806,0.59715194
610,1759823863.0288928,weapon,0.60479325,0.39520678,0.60479325
611,1759823863.4643402,no_weapon,0.40332767,0.40332767,0.59667236
612,1759823863.963326,no_weapon,0.40448102,0.40448102,0.595519
613,1759823864.3172858,no_weapon,0.4101158,0.4101158,0.5898842
614,1759823864.6570897,no_weapon,0.40728974,0.40728974,0.59271026
615,1759823864.985813,no_weapon,0.42345664,0.42345664,0.5765434
616,1759823865.3794577,no_weapon,0.4275116,0.4275116,0.57248837
617,1759823865.707513,no_weapon,0.43473545,0.43473545,0.5652646
618,1759823866.2143188,no_weapon,0.4352773,0.4352773,0.56472266
619,1759823866.579633,no_weapon,0.430921,0.430921,0.5690791
620,1759823866.9543512,no_weapon,0.43436202,0.43436202,0.56563795
621,1759823867.3577309,no_weapon,0.41746023,0.41746023,0.58253974
622,1759823867.701453,no_weapon,0.44286323,0.44286323,0.5571368
623,1759823868.125524,no_weapon,0.42137742,0.42137742,0.57862264
624,1759823868.5387754,no_weapon,0.40607753,0.40607753,0.5939225
625,1759823868.9225626,no_weapon,0.40932447,0.40932447,0.5906755
626,1759823869.2440999,no_weapon,0.4152219,0.4152219,0.58477813
627,1759823869.6994493,no_weapon,0.42428556,0.42428556,0.5757144
628,1759823870.0666149,no_weapon,0.42026812,0.42026812,0.5797318
629,1759823870.4694924,no_weapon,0.4243126,0.4243126,0.5756874
630,1759823870.8524604,no_weapon,0.41674513,0.41674513,0.58325493
631,1759823871.2721083,no_weapon,0.4140805,0.4140805,0.5859195
632,1759823871.6446772,no_weapon,0.4153072,0.4153072,0.58469284
633,1759823871.979607,no_weapon,0.41496077,0.41496077,0.58503926
634,1759823872.356338,no_weapon,0.48618788,0.48618788,0.51381207
635,1759823872.7712936,no_weapon,0.4583516,0.4583516,0.5416484
636,1759823873.2304382,no_weapon,0.45098132,0.45098132,0.5490186
637,1759823873.6654525,no_weapon,0.45714873,0.45714873,0.54285127
638,1759823874.065193,no_weapon,0.43556246,0.43556246,0.56443757
639,1759823874.4090486,weapon,0.64429694,0.35570306,0.64429694
640,1759823874.8700857,weapon,0.6170376,0.38296244,0.6170376
641,1759823875.2542014,weapon,0.60869795,0.39130196,0.60869795
642,1759823875.6494896,weapon,0.6220301,0.37796998,0.6220301
643,1759823876.0336587,no_weapon,0.4669325,0.4669325,0.53306746
644,1759823876.4013636,no_weapon,0.42780018,0.42780018,0.5721998
645,1759823876.7796764,no_weapon,0.45140997,0.45140997,0.54859
646,1759823877.0998461,no_weapon,0.45770368,0.45770368,0.54229635
647,1759823877.5287447,no_weapon,0.44490948,0.44490948,0.55509055
648,1759823877.8911324,no_weapon,0.44171083,0.44171083,0.5582892
649,1759823878.2109141,no_weapon,0.44230083,0.44230083,0.55769914
650,1759823878.6000545,no_weapon,0.4440818,0.4440818,0.5559182
651,1759823878.9811506,no_weapon,0.4559173,0.4559173,0.54408276
652,1759823879.3686614,no_weapon,0.41028044,0.41028044,0.5897196
653,1759823879.7373726,no_weapon,0.40321243,0.40321243,0.59678763
654,1759823880.1464276,weapon,0.6150519,0.38494805,0.6150519
655,1759823880.5205517,weapon,0.6370158,0.36298418,0.6370158
656,1759823880.838453,weapon,0.6207422,0.3792578,0.6207422
657,1759823881.2270296,no_weapon,0.40284467,0.40284467,0.59715533
658,1759823881.5771532,no_weapon,0.4114562,0.4114562,0.58854383
659,1759823881.9661183,no_weapon,0.42902285,0.42902285,0.5709771
660,1759823882.338963,no_weapon,0.41315913,0.41315913,0.58684087
661,1759823882.7105713,no_weapon,0.40561688,0.40561688,0.5943831
662,1759823883.081919,weapon,0.6078276,0.3921724,0.6078276
